file_name,topic,topic_score,topic_keywords
revl-n154-LKP_CK_LKJS_CK_LSSZP_CK_LSJS_CK-5000-1935-07.txt,2,0.26160914381158973,"sprs, padomju, kara, latvijas, karu, darbaļaužu, pasaules, karš, visu, proletariāta, revolūcijas, dzīvo, vācijas, darbaļaudis, oktobra"
revl-n187-LKP_Riga_committee-5000-[…1936-07-29].txt,2,0.15236806557192886,"sprs, padomju, kara, latvijas, karu, darbaļaužu, pasaules, karš, visu, proletariāta, revolūcijas, dzīvo, vācijas, darbaļaudis, oktobra"
revl-n138-LKP_CK_Womens_center-5000-1935-05-07.txt,3,0.5521510590983132,"sievietes, darba sievietes, mātes, sieviešu, darba, sievietes mātes, bērnu, daudz, sievietēm, ģimenes, sieviete, buržuju, vienādu, biedru vīrieti, vīrieti"
revl-n110-LKP_CK-10000-[…1935-02-09].txt,5,0.23262357705709194,"latvijas, palīdzības, sarkanās palīdzības, darba, sarkanās, fašistu, cietumos, nāves, darba tautas, politieslodzītajiem, protesta, ziemas, tautas, politieslodzīto, latvijas sarkanās"
revl-n181-LKJS_CK_LSJS_CK-unk-[…1936-05-15].txt,4,0.3392539285546005,"jaunatnes, darba, jaunatne, jaunatnei, skolu, jaunatni, latvijas, darba jaunatnes, strādnieku, skolas, skolnieku, darba jaunatne, jaunieši, cīņas, laukos"
revl-n183-SP_CK-3000-1936-06.txt,5,0.2650537436300252,"latvijas, palīdzības, sarkanās palīdzības, darba, sarkanās, fašistu, cietumos, nāves, darba tautas, politieslodzītajiem, protesta, ziemas, tautas, politieslodzīto, latvijas sarkanās"
revl-n022-SP_Riga_committee-unk-[…1934-03-18].txt,5,0.21375115407843284,"latvijas, palīdzības, sarkanās palīdzības, darba, sarkanās, fašistu, cietumos, nāves, darba tautas, politieslodzītajiem, protesta, ziemas, tautas, politieslodzīto, latvijas sarkanās"
revl-n038-LKP_Riga_committee-unk-[…1934-05-25].txt,2,0.11482116872425809,"sprs, padomju, kara, latvijas, karu, darbaļaužu, pasaules, karš, visu, proletariāta, revolūcijas, dzīvo, vācijas, darbaļaudis, oktobra"
revl-n021-SP_CK-unk-[…1934-03-18].txt,5,0.21036797640521507,"latvijas, palīdzības, sarkanās palīdzības, darba, sarkanās, fašistu, cietumos, nāves, darba tautas, politieslodzītajiem, protesta, ziemas, tautas, politieslodzīto, latvijas sarkanās"
revl-n248-LKP_Riga_committee-unk-[…1940-05-15].txt,1,0.1302756883834667,"tautas, latvijas, spānijas, tautu, brīvības, latvju, tautai, ulmaņa, vācu, sprs, spāņu, tauta, brīvību, fašistu, baltijas"
revl-n221-LKP_LDJS_Latgale_org-5000-1938-09.txt,1,0.18144693487610253,"tautas, latvijas, spānijas, tautu, brīvības, latvju, tautai, ulmaņa, vācu, sprs, spāņu, tauta, brīvību, fašistu, baltijas"
revl-n191-LKP_Riga_committee-5000-[…1936-10-29].txt,0,0.12548139808415593,"strādnieku, darba, algas, strādniekiem, strādnieki, biedri, arodbiedrību, strādniekus, arodbiedrības, algu, valdība, mūsu, bezdarbnieku, cīņas, mums"
revl-n218-LDJS_Latgale_regional_committee-1000-[…1938-05-15].txt,4,0.1428345373298542,"jaunatnes, darba, jaunatne, jaunatnei, skolu, jaunatni, latvijas, darba jaunatnes, strādnieku, skolas, skolnieku, darba jaunatne, jaunieši, cīņas, laukos"
revl-n073-LKJS_CK-6000-1934-10-10.txt,2,0.21479262343323563,"sprs, padomju, kara, latvijas, karu, darbaļaužu, pasaules, karš, visu, proletariāta, revolūcijas, dzīvo, vācijas, darbaļaudis, oktobra"
revl-n005-LKP_CK_LKJS_CK-5000-1934-01.txt,0,0.09662510334319242,"strādnieku, darba, algas, strādniekiem, strādnieki, biedri, arodbiedrību, strādniekus, arodbiedrības, algu, valdība, mūsu, bezdarbnieku, cīņas, mums"
revl-n231-LDJS_CK-unk-[1939-05-05…].txt,4,0.367913387378588,"jaunatnes, darba, jaunatne, jaunatnei, skolu, jaunatni, latvijas, darba jaunatnes, strādnieku, skolas, skolnieku, darba jaunatne, jaunieši, cīņas, laukos"
revl-n080-LKJS_Benes_district_committee-300-1934-10.txt,0,0.13625566692730287,"strādnieku, darba, algas, strādniekiem, strādnieki, biedri, arodbiedrību, strādniekus, arodbiedrības, algu, valdība, mūsu, bezdarbnieku, cīņas, mums"
revl-n201b-LDJS_Latgale_regional_committee-2000-1937-07.txt,4,0.28141320877092263,"jaunatnes, darba, jaunatne, jaunatnei, skolu, jaunatni, latvijas, darba jaunatnes, strādnieku, skolas, skolnieku, darba jaunatne, jaunieši, cīņas, laukos"
revl-n072-LKJS_LSJS_Riga_org_United_antifascist_committee-2000-1934-10-01.txt,4,0.2077634048327391,"jaunatnes, darba, jaunatne, jaunatnei, skolu, jaunatni, latvijas, darba jaunatnes, strādnieku, skolas, skolnieku, darba jaunatne, jaunieši, cīņas, laukos"
revl-n195-SP_Daugavpils_city_committee-200-1936-11.txt,5,0.25424948981241585,"latvijas, palīdzības, sarkanās palīdzības, darba, sarkanās, fašistu, cietumos, nāves, darba tautas, politieslodzītajiem, protesta, ziemas, tautas, politieslodzīto, latvijas sarkanās"
revl-n127-SP_CK-5000-1935-03-17.txt,5,0.27632953644289565,"latvijas, palīdzības, sarkanās palīdzības, darba, sarkanās, fašistu, cietumos, nāves, darba tautas, politieslodzītajiem, protesta, ziemas, tautas, politieslodzīto, latvijas sarkanās"
revl-n106-LKJS_Riga_committee-4000-1935-02-03.txt,5,0.2952446155760498,"latvijas, palīdzības, sarkanās palīdzības, darba, sarkanās, fašistu, cietumos, nāves, darba tautas, politieslodzītajiem, protesta, ziemas, tautas, politieslodzīto, latvijas sarkanās"
revl-n233-LDJS_Riga_committee-unk-[…1939-09-01].txt,1,0.13236121829983924,"tautas, latvijas, spānijas, tautu, brīvības, latvju, tautai, ulmaņa, vācu, sprs, spāņu, tauta, brīvību, fašistu, baltijas"
revl-n089-LKJS_Riga_committee-1500-[1934-12-05…].txt,4,0.20216815206220112,"jaunatnes, darba, jaunatne, jaunatnei, skolu, jaunatni, latvijas, darba jaunatnes, strādnieku, skolas, skolnieku, darba jaunatne, jaunieši, cīņas, laukos"
revl-n098-LKP_Riga_committee_textile_workers_faction-1000-[1935-01-10…].txt,0,0.1690015003656575,"strādnieku, darba, algas, strādniekiem, strādnieki, biedri, arodbiedrību, strādniekus, arodbiedrības, algu, valdība, mūsu, bezdarbnieku, cīņas, mums"
revl-n047-SP_CK-unk-[…1934-07-22].txt,2,0.1637098540194006,"sprs, padomju, kara, latvijas, karu, darbaļaužu, pasaules, karš, visu, proletariāta, revolūcijas, dzīvo, vācijas, darbaļaudis, oktobra"
revl-n176-LKJS_Riga_committee-unk-[…1936-04-29].txt,4,0.3175684264296206,"jaunatnes, darba, jaunatne, jaunatnei, skolu, jaunatni, latvijas, darba jaunatnes, strādnieku, skolas, skolnieku, darba jaunatne, jaunieši, cīņas, laukos"
revl-n192-LDJS_CK-4000-[…1936-10-29].txt,2,0.21137640275307823,"sprs, padomju, kara, latvijas, karu, darbaļaužu, pasaules, karš, visu, proletariāta, revolūcijas, dzīvo, vācijas, darbaļaudis, oktobra"
revl-n202a-LKP_Secretariat_LSSZP_CK-4000-[…1937-07-23].txt,0,0.17599894962768278,"strādnieku, darba, algas, strādniekiem, strādnieki, biedri, arodbiedrību, strādniekus, arodbiedrības, algu, valdība, mūsu, bezdarbnieku, cīņas, mums"
revl-n093-LKP_Daugavpils_city_committee-1500-[1934-12-20..1934-12-31].txt,2,0.09887551608492542,"sprs, padomju, kara, latvijas, karu, darbaļaužu, pasaules, karš, visu, proletariāta, revolūcijas, dzīvo, vācijas, darbaļaudis, oktobra"
revl-n035-LKP_Riga_committee-unk-[1934-05-16…].txt,2,0.09070711477206074,"sprs, padomju, kara, latvijas, karu, darbaļaužu, pasaules, karš, visu, proletariāta, revolūcijas, dzīvo, vācijas, darbaļaudis, oktobra"
revl-n117-LKP_CK-3000-1935-02.txt,0,0.21703415777430962,"strādnieku, darba, algas, strādniekiem, strādnieki, biedri, arodbiedrību, strādniekus, arodbiedrības, algu, valdība, mūsu, bezdarbnieku, cīņas, mums"
revl-n153-SP_CK-3000-[…1935-07-28].txt,5,0.14270892433376486,"latvijas, palīdzības, sarkanās palīdzības, darba, sarkanās, fašistu, cietumos, nāves, darba tautas, politieslodzītajiem, protesta, ziemas, tautas, politieslodzīto, latvijas sarkanās"
revl-n224-LKP_Secretariat_LSSZP_CK_LDJS_CK-10000-1939-01.txt,1,0.34810369790046725,"tautas, latvijas, spānijas, tautu, brīvības, latvju, tautai, ulmaņa, vācu, sprs, spāņu, tauta, brīvību, fašistu, baltijas"
revl-n184-LDJS-10000-[1936-07-09…].txt,4,0.3960477638156579,"jaunatnes, darba, jaunatne, jaunatnei, skolu, jaunatni, latvijas, darba jaunatnes, strādnieku, skolas, skolnieku, darba jaunatne, jaunieši, cīņas, laukos"
revl-n079-SP_CK_SP_Riga_committee-unk-[…1934-10-30].txt,5,0.16905494551978784,"latvijas, palīdzības, sarkanās palīdzības, darba, sarkanās, fašistu, cietumos, nāves, darba tautas, politieslodzītajiem, protesta, ziemas, tautas, politieslodzīto, latvijas sarkanās"
revl-n115-LKJS_Riga_org_IV_district_unit_committee_LSJS_Riga_org_I_district_unit_committee-1000-1935-02-15.txt,5,0.2747184868091225,"latvijas, palīdzības, sarkanās palīdzības, darba, sarkanās, fašistu, cietumos, nāves, darba tautas, politieslodzītajiem, protesta, ziemas, tautas, politieslodzīto, latvijas sarkanās"
revl-n023-LKP_LKJS_Ventspils_committee-1500-[…1934-04-05].txt,2,0.15863547553244398,"sprs, padomju, kara, latvijas, karu, darbaļaužu, pasaules, karš, visu, proletariāta, revolūcijas, dzīvo, vācijas, darbaļaudis, oktobra"
revl-n226-LKP_CK_LSSZP_CK_LDJS_CK-5000-[1939-03-22…].txt,1,0.24160303312058512,"tautas, latvijas, spānijas, tautu, brīvības, latvju, tautai, ulmaņa, vācu, sprs, spāņu, tauta, brīvību, fašistu, baltijas"
revl-n197-LDJS_CK-10000-[…1937-04-22].txt,4,0.29596754012081555,"jaunatnes, darba, jaunatne, jaunatnei, skolu, jaunatni, latvijas, darba jaunatnes, strādnieku, skolas, skolnieku, darba jaunatne, jaunieši, cīņas, laukos"
revl-n025-SP_CK-unk-[…1934-04-24].txt,5,0.28456336686012307,"latvijas, palīdzības, sarkanās palīdzības, darba, sarkanās, fašistu, cietumos, nāves, darba tautas, politieslodzītajiem, protesta, ziemas, tautas, politieslodzīto, latvijas sarkanās"
revl-n201a-LDJS_Latgale_regional_committee-2000-1937-06.txt,4,0.28141320877092263,"jaunatnes, darba, jaunatne, jaunatnei, skolu, jaunatni, latvijas, darba jaunatnes, strādnieku, skolas, skolnieku, darba jaunatne, jaunieši, cīņas, laukos"
revl-n185-LKP_Riga_committee-6000-[…1936-07-22].txt,0,0.12123995897716498,"strādnieku, darba, algas, strādniekiem, strādnieki, biedri, arodbiedrību, strādniekus, arodbiedrības, algu, valdība, mūsu, bezdarbnieku, cīņas, mums"
revl-n002-LKP_soldiers_org-1500-[1934-01-11…].txt,2,0.11816617101026375,"sprs, padomju, kara, latvijas, karu, darbaļaužu, pasaules, karš, visu, proletariāta, revolūcijas, dzīvo, vācijas, darbaļaudis, oktobra"
revl-n207-LKP_Riga_committee-5000-1937-10.txt,2,0.13513847295556466,"sprs, padomju, kara, latvijas, karu, darbaļaužu, pasaules, karš, visu, proletariāta, revolūcijas, dzīvo, vācijas, darbaļaudis, oktobra"
revl-n250-LDJS_Auce_org-unk-[1940-05-15…].txt,1,0.15538715544569753,"tautas, latvijas, spānijas, tautu, brīvības, latvju, tautai, ulmaņa, vācu, sprs, spāņu, tauta, brīvību, fašistu, baltijas"
revl-n111-LKP_LSSZP_LKJS_LSJS_VEF_unit_committee-1000-[…1935-02-09].txt,0,0.13668626032321018,"strādnieku, darba, algas, strādniekiem, strādnieki, biedri, arodbiedrību, strādniekus, arodbiedrības, algu, valdība, mūsu, bezdarbnieku, cīņas, mums"
revl-n147-LKP_soldiers_org-unk-[…1935-07-27].txt,0,0.054492910455640184,"strādnieku, darba, algas, strādniekiem, strādnieki, biedri, arodbiedrību, strādniekus, arodbiedrības, algu, valdība, mūsu, bezdarbnieku, cīņas, mums"
revl-n225-LKP_Maliena_regional_committee-unk-1939-01.txt,0,0.061968372883828685,"strādnieku, darba, algas, strādniekiem, strādnieki, biedri, arodbiedrību, strādniekus, arodbiedrības, algu, valdība, mūsu, bezdarbnieku, cīņas, mums"
revl-n124-LKJS_CK_LSJS_CK-2000-1935-03-12.txt,2,0.0921837286684414,"sprs, padomju, kara, latvijas, karu, darbaļaužu, pasaules, karš, visu, proletariāta, revolūcijas, dzīvo, vācijas, darbaļaudis, oktobra"
revl-n100b-LKP_CK_LKJS_CK_LSSZP_CK_LSJS_CK-4000-1935-02.txt,5,0.1926710412609646,"latvijas, palīdzības, sarkanās palīdzības, darba, sarkanās, fašistu, cietumos, nāves, darba tautas, politieslodzītajiem, protesta, ziemas, tautas, politieslodzīto, latvijas sarkanās"
revl-n208a-LDJS-unk-1937-10.txt,2,0.1933043342839447,"sprs, padomju, kara, latvijas, karu, darbaļaužu, pasaules, karš, visu, proletariāta, revolūcijas, dzīvo, vācijas, darbaļaudis, oktobra"
revl-n100a-LKP_CK_LSSZP_CK-2000-1935-01-30.txt,5,0.1911790059897214,"latvijas, palīdzības, sarkanās palīdzības, darba, sarkanās, fašistu, cietumos, nāves, darba tautas, politieslodzītajiem, protesta, ziemas, tautas, politieslodzīto, latvijas sarkanās"
revl-n139-LKP_CK_LKJS_CK_LSSZP_CK_LSJS_CK-4000-[…1935-05-15].txt,4,0.1682395642944142,"jaunatnes, darba, jaunatne, jaunatnei, skolu, jaunatni, latvijas, darba jaunatnes, strādnieku, skolas, skolnieku, darba jaunatne, jaunieši, cīņas, laukos"
revl-n101-LKJS_Jurmala_district_committee-250-1935-01-31.txt,0,0.18170276790161052,"strādnieku, darba, algas, strādniekiem, strādnieki, biedri, arodbiedrību, strādniekus, arodbiedrības, algu, valdība, mūsu, bezdarbnieku, cīņas, mums"
revl-n161-LKP_CK_LKJS_CK-10000-[…1935-10-14].txt,2,0.31618272537279796,"sprs, padomju, kara, latvijas, karu, darbaļaužu, pasaules, karš, visu, proletariāta, revolūcijas, dzīvo, vācijas, darbaļaudis, oktobra"
revl-n112-SP_CK-unk-[…1935-02-09].txt,5,0.37688615904320993,"latvijas, palīdzības, sarkanās palīdzības, darba, sarkanās, fašistu, cietumos, nāves, darba tautas, politieslodzītajiem, protesta, ziemas, tautas, politieslodzīto, latvijas sarkanās"
revl-n216b-LDJS_II_district_committee-unk-[1938-04-20..1938-04-31].txt,1,0.30119615991601606,"tautas, latvijas, spānijas, tautu, brīvības, latvju, tautai, ulmaņa, vācu, sprs, spāņu, tauta, brīvību, fašistu, baltijas"
revl-n043-LKJS_Riga_org_X_district_committee-unk-1934-07-12.txt,0,0.1581048252499355,"strādnieku, darba, algas, strādniekiem, strādnieki, biedri, arodbiedrību, strādniekus, arodbiedrības, algu, valdība, mūsu, bezdarbnieku, cīņas, mums"
revl-n014-LKJS_CK-4000-1934-02-26.txt,2,0.3006616966206987,"sprs, padomju, kara, latvijas, karu, darbaļaužu, pasaules, karš, visu, proletariāta, revolūcijas, dzīvo, vācijas, darbaļaudis, oktobra"
revl-n199a-LKP_Secretariat_LSSZP_CK-4000-1937-06.txt,0,0.19469614900068968,"strādnieku, darba, algas, strādniekiem, strādnieki, biedri, arodbiedrību, strādniekus, arodbiedrības, algu, valdība, mūsu, bezdarbnieku, cīņas, mums"
revl-n104-LKJS_Riga_org_homeless_cell-100-1935-01.txt,4,0.10639267477421976,"jaunatnes, darba, jaunatne, jaunatnei, skolu, jaunatni, latvijas, darba jaunatnes, strādnieku, skolas, skolnieku, darba jaunatne, jaunieši, cīņas, laukos"
revl-n053-LKP_LKJS_Ventspils_committee-2000-1934-07.txt,2,0.2107592425072821,"sprs, padomju, kara, latvijas, karu, darbaļaužu, pasaules, karš, visu, proletariāta, revolūcijas, dzīvo, vācijas, darbaļaudis, oktobra"
revl-n082-LKP_CK-5000-[…1934-11-07].txt,2,0.20574087602080196,"sprs, padomju, kara, latvijas, karu, darbaļaužu, pasaules, karš, visu, proletariāta, revolūcijas, dzīvo, vācijas, darbaļaudis, oktobra"
revl-n245-LDJS_Riga_committee-unk-[…1940-01-19].txt,4,0.17993291785905693,"jaunatnes, darba, jaunatne, jaunatnei, skolu, jaunatni, latvijas, darba jaunatnes, strādnieku, skolas, skolnieku, darba jaunatne, jaunieši, cīņas, laukos"
revl-n237-LKP_CK_LSSZP_CK_LDJS_CK-5000-[1939-10-08…].txt,1,0.21034006173926537,"tautas, latvijas, spānijas, tautu, brīvības, latvju, tautai, ulmaņa, vācu, sprs, spāņu, tauta, brīvību, fašistu, baltijas"
revl-n151-LKJS_Riga_org_IV_district_committee-1000-[…1935-07-28].txt,0,0.19133695959325692,"strādnieku, darba, algas, strādniekiem, strādnieki, biedri, arodbiedrību, strādniekus, arodbiedrības, algu, valdība, mūsu, bezdarbnieku, cīņas, mums"
revl-n140-LKP_Riga_committee-2000-[…1935-05-15].txt,0,0.2096970299289403,"strādnieku, darba, algas, strādniekiem, strādnieki, biedri, arodbiedrību, strādniekus, arodbiedrības, algu, valdība, mūsu, bezdarbnieku, cīņas, mums"
revl-n202b-LKP_Secretariat_LSSZP_CK-4000-[…1937-07-23]..txt,0,0.17599894962768278,"strādnieku, darba, algas, strādniekiem, strādnieki, biedri, arodbiedrību, strādniekus, arodbiedrības, algu, valdība, mūsu, bezdarbnieku, cīņas, mums"
revl-n172-SP_CK_SP_Riga_committee-unk-[…1936-03-18].txt,5,0.2825281106116633,"latvijas, palīdzības, sarkanās palīdzības, darba, sarkanās, fašistu, cietumos, nāves, darba tautas, politieslodzītajiem, protesta, ziemas, tautas, politieslodzīto, latvijas sarkanās"
revl-n105-LKJS_CK-4000-1935-02-01.txt,5,0.21902613995123538,"latvijas, palīdzības, sarkanās palīdzības, darba, sarkanās, fašistu, cietumos, nāves, darba tautas, politieslodzītajiem, protesta, ziemas, tautas, politieslodzīto, latvijas sarkanās"
revl-n238-LKP_LSSZP_LDJS_Ventspils_regional_org-unk-1939-11-20.txt,1,0.17656914421672118,"tautas, latvijas, spānijas, tautu, brīvības, latvju, tautai, ulmaņa, vācu, sprs, spāņu, tauta, brīvību, fašistu, baltijas"
revl-n108-LKP_Riga_committee-1000-[…1935-02-05].txt,0,0.12759369108164767,"strādnieku, darba, algas, strādniekiem, strādnieki, biedri, arodbiedrību, strādniekus, arodbiedrības, algu, valdība, mūsu, bezdarbnieku, cīņas, mums"
revl-n220-LKP_Latgale_regional_committee-2000-1938-09.txt,1,0.08516093051913219,"tautas, latvijas, spānijas, tautu, brīvības, latvju, tautai, ulmaņa, vācu, sprs, spāņu, tauta, brīvību, fašistu, baltijas"
revl-n219b-LKP_Secretariat_LSSZP_CK_LDJS_CK-5000-1938-08.txt,1,0.45026048133764857,"tautas, latvijas, spānijas, tautu, brīvības, latvju, tautai, ulmaņa, vācu, sprs, spāņu, tauta, brīvību, fašistu, baltijas"
revl-n024-LKJS_CK-6000-[…1934-04-19].txt,2,0.25448603727411523,"sprs, padomju, kara, latvijas, karu, darbaļaužu, pasaules, karš, visu, proletariāta, revolūcijas, dzīvo, vācijas, darbaļaudis, oktobra"
revl-n242-LSSZP_LKP_Riga_committee-unk-1939-11.txt,1,0.13459517972011611,"tautas, latvijas, spānijas, tautu, brīvības, latvju, tautai, ulmaņa, vācu, sprs, spāņu, tauta, brīvību, fašistu, baltijas"
revl-n116-LKP_Riga_committee_LSSZP_Riga_committee-300-[…1935-02-16].txt,0,0.11045804705299068,"strādnieku, darba, algas, strādniekiem, strādnieki, biedri, arodbiedrību, strādniekus, arodbiedrības, algu, valdība, mūsu, bezdarbnieku, cīņas, mums"
revl-n196-LKP_Secretariat_LDJS_CK_LSSZP_CK-10000-[…1937-04-19].txt,1,0.3779713500107413,"tautas, latvijas, spānijas, tautu, brīvības, latvju, tautai, ulmaņa, vācu, sprs, spāņu, tauta, brīvību, fašistu, baltijas"
revl-n119-LKP_CK-5000-[1935-03-07…].txt,5,0.2265028833699814,"latvijas, palīdzības, sarkanās palīdzības, darba, sarkanās, fašistu, cietumos, nāves, darba tautas, politieslodzītajiem, protesta, ziemas, tautas, politieslodzīto, latvijas sarkanās"
revl-n209-LKP_Zemgale_org_Jelgava_district_committee-5000-[…1937-11-07].txt,2,0.14556155170735166,"sprs, padomju, kara, latvijas, karu, darbaļaužu, pasaules, karš, visu, proletariāta, revolūcijas, dzīvo, vācijas, darbaļaudis, oktobra"
revl-n244-LKP_CK-10000-1939-12.txt,1,0.19082022600207665,"tautas, latvijas, spānijas, tautu, brīvības, latvju, tautai, ulmaņa, vācu, sprs, spāņu, tauta, brīvību, fašistu, baltijas"
revl-n083-LKJS_Riga_org_IV_district_committee_LSJS_Riga_org_I_district_committee-1000-[…1934-11-07].txt,4,0.15284791217235968,"jaunatnes, darba, jaunatne, jaunatnei, skolu, jaunatni, latvijas, darba jaunatnes, strādnieku, skolas, skolnieku, darba jaunatne, jaunieši, cīņas, laukos"
revl-n164b-LKP_CK_LKJS_CK_LSSZP_CK_LSJS_CK-5000-[…1935-11-17].txt,1,0.2506704556651922,"tautas, latvijas, spānijas, tautu, brīvības, latvju, tautai, ulmaņa, vācu, sprs, spāņu, tauta, brīvību, fašistu, baltijas"
revl-n120-LKJS_CK_LSJS_CK-2000-[1935-03-07…].txt,5,0.1595346645854597,"latvijas, palīdzības, sarkanās palīdzības, darba, sarkanās, fašistu, cietumos, nāves, darba tautas, politieslodzītajiem, protesta, ziemas, tautas, politieslodzīto, latvijas sarkanās"
revl-n088-LKP_Riga_committee_LKP_Riga_org_North_district_committee-3000-[…1934-11-20].txt,0,0.13925187325847774,"strādnieku, darba, algas, strādniekiem, strādnieki, biedri, arodbiedrību, strādniekus, arodbiedrības, algu, valdība, mūsu, bezdarbnieku, cīņas, mums"
revl-n081-LKP_CK-10000-[1934-11-02…].txt,0,0.08565227511042126,"strādnieku, darba, algas, strādniekiem, strādnieki, biedri, arodbiedrību, strādniekus, arodbiedrības, algu, valdība, mūsu, bezdarbnieku, cīņas, mums"
revl-n212-Shoemakers_unit_committee-1000-1938-01.txt,0,0.13652506871195808,"strādnieku, darba, algas, strādniekiem, strādnieki, biedri, arodbiedrību, strādniekus, arodbiedrības, algu, valdība, mūsu, bezdarbnieku, cīņas, mums"
revl-n193-LKP_Provisional_Secretariat-10000-1936-10.txt,1,0.30492556335347065,"tautas, latvijas, spānijas, tautu, brīvības, latvju, tautai, ulmaņa, vācu, sprs, spāņu, tauta, brīvību, fašistu, baltijas"
revl-n036-LKP_CK_LKJS_CK-5000-1934-05-17.txt,2,0.09750299494983797,"sprs, padomju, kara, latvijas, karu, darbaļaužu, pasaules, karš, visu, proletariāta, revolūcijas, dzīvo, vācijas, darbaļaudis, oktobra"
revl-n164a-LKP_CK_LKJS_CK_LSSZP_CK_LSJS_CK-6000-[…1935-11-17].txt,1,0.2506704556651922,"tautas, latvijas, spānijas, tautu, brīvības, latvju, tautai, ulmaņa, vācu, sprs, spāņu, tauta, brīvību, fašistu, baltijas"
revl-n190a-LKP_CK_LSSZP_CK-5000-1936-09.txt,1,0.3139550518002207,"tautas, latvijas, spānijas, tautu, brīvības, latvju, tautai, ulmaņa, vācu, sprs, spāņu, tauta, brīvību, fašistu, baltijas"
revl-n042-LKJS_Riga_org_IV_district_X_cell-unk-1934-07-10.txt,0,0.1477149849727201,"strādnieku, darba, algas, strādniekiem, strādnieki, biedri, arodbiedrību, strādniekus, arodbiedrības, algu, valdība, mūsu, bezdarbnieku, cīņas, mums"
revl-n016-LKP_CK-4000-[…1934-03-02].txt,0,0.15153731581712238,"strādnieku, darba, algas, strādniekiem, strādnieki, biedri, arodbiedrību, strādniekus, arodbiedrības, algu, valdība, mūsu, bezdarbnieku, cīņas, mums"
revl-n155-LKJS_Bauska_district_committee-unk-[…1935-08-01].txt,2,0.20461496216837802,"sprs, padomju, kara, latvijas, karu, darbaļaužu, pasaules, karš, visu, proletariāta, revolūcijas, dzīvo, vācijas, darbaļaudis, oktobra"
revl-n180-LKP_Riga_committee-10000-[…1936-05-13].txt,0,0.07480028589653104,"strādnieku, darba, algas, strādniekiem, strādnieki, biedri, arodbiedrību, strādniekus, arodbiedrības, algu, valdība, mūsu, bezdarbnieku, cīņas, mums"
revl-n249-LKP_Riga_org_B_district_committee-unk-1940-05.txt,2,0.07677543244820702,"sprs, padomju, kara, latvijas, karu, darbaļaužu, pasaules, karš, visu, proletariāta, revolūcijas, dzīvo, vācijas, darbaļaudis, oktobra"
revl-n011-LKP_Riga_committee-6000-[…1934-02-12].txt,0,0.17627328038071,"strādnieku, darba, algas, strādniekiem, strādnieki, biedri, arodbiedrību, strādniekus, arodbiedrības, algu, valdība, mūsu, bezdarbnieku, cīņas, mums"
revl-n070-LKP_Riga_committee-1500-[…1934-09-03].txt,0,0.07953449666262812,"strādnieku, darba, algas, strādniekiem, strādnieki, biedri, arodbiedrību, strādniekus, arodbiedrības, algu, valdība, mūsu, bezdarbnieku, cīņas, mums"
revl-n165-SP_Riga_committee-2000-[…1935-11-17].txt,1,0.18538340598420489,"tautas, latvijas, spānijas, tautu, brīvības, latvju, tautai, ulmaņa, vācu, sprs, spāņu, tauta, brīvību, fašistu, baltijas"
revl-n118-LKJS_III_district_committee-50-1935-02.txt,0,0.15697043969022648,"strādnieku, darba, algas, strādniekiem, strādnieki, biedri, arodbiedrību, strādniekus, arodbiedrības, algu, valdība, mūsu, bezdarbnieku, cīņas, mums"
revl-n076-LKP_CK_LKP_Riga_committee-5000-1934-10-17.txt,2,0.2797723962908871,"sprs, padomju, kara, latvijas, karu, darbaļaužu, pasaules, karš, visu, proletariāta, revolūcijas, dzīvo, vācijas, darbaļaudis, oktobra"
revl-n217-LDJS_Latgale_regional_committee-10000-1938-04.txt,1,0.14196584821660477,"tautas, latvijas, spānijas, tautu, brīvības, latvju, tautai, ulmaņa, vācu, sprs, spāņu, tauta, brīvību, fašistu, baltijas"
revl-n067-LKP_Riga_committee-1000-1934-09-24.txt,5,0.12624896235346278,"latvijas, palīdzības, sarkanās palīdzības, darba, sarkanās, fašistu, cietumos, nāves, darba tautas, politieslodzītajiem, protesta, ziemas, tautas, politieslodzīto, latvijas sarkanās"
revl-n039-SP_CK-unk-[…1934-05-28].txt,5,0.16685487574244795,"latvijas, palīdzības, sarkanās palīdzības, darba, sarkanās, fašistu, cietumos, nāves, darba tautas, politieslodzītajiem, protesta, ziemas, tautas, politieslodzīto, latvijas sarkanās"
revl-n241-LKP_LDJS_Latgale_regional_committee-200-1939-11.txt,1,0.12164354200012652,"tautas, latvijas, spānijas, tautu, brīvības, latvju, tautai, ulmaņa, vācu, sprs, spāņu, tauta, brīvību, fašistu, baltijas"
revl-n199b-LKP_Secretariat_LSSZP_CK-4000-1937-06.txt,0,0.19469614900068968,"strādnieku, darba, algas, strādniekiem, strādnieki, biedri, arodbiedrību, strādniekus, arodbiedrības, algu, valdība, mūsu, bezdarbnieku, cīņas, mums"
revl-n173b-LKJS_CK_LSJS_CK-10000-[…1936-04-18].txt,4,0.47143454539106333,"jaunatnes, darba, jaunatne, jaunatnei, skolu, jaunatni, latvijas, darba jaunatnes, strādnieku, skolas, skolnieku, darba jaunatne, jaunieši, cīņas, laukos"
revl-n166-SP_CK-4000-[…1935-12-24].txt,5,0.29301396810327224,"latvijas, palīdzības, sarkanās palīdzības, darba, sarkanās, fašistu, cietumos, nāves, darba tautas, politieslodzītajiem, protesta, ziemas, tautas, politieslodzīto, latvijas sarkanās"
revl-n123-SP_CK_SP_Riga_committee-2000-[…1935-03-08].txt,3,0.5246729679438583,"sievietes, darba sievietes, mātes, sieviešu, darba, sievietes mātes, bērnu, daudz, sievietēm, ģimenes, sieviete, buržuju, vienādu, biedru vīrieti, vīrieti"
revl-n133-LKJS_Daugavpils_committee-1000-1935-04.txt,4,0.28031337329155603,"jaunatnes, darba, jaunatne, jaunatnei, skolu, jaunatni, latvijas, darba jaunatnes, strādnieku, skolas, skolnieku, darba jaunatne, jaunieši, cīņas, laukos"
revl-n031-LKJS_Riga_org_X_district_committee-300-1934-04.txt,0,0.09501399885774647,"strādnieku, darba, algas, strādniekiem, strādnieki, biedri, arodbiedrību, strādniekus, arodbiedrības, algu, valdība, mūsu, bezdarbnieku, cīņas, mums"
revl-n026-LKP_CK-10000-[…1934-04-27].txt,2,0.1972690012574591,"sprs, padomju, kara, latvijas, karu, darbaļaužu, pasaules, karš, visu, proletariāta, revolūcijas, dzīvo, vācijas, darbaļaudis, oktobra"
revl-n210-LKP_Zemgale_org_Jelgava_district_committee-5000-[…1937-11-07].txt,2,0.10399230215008269,"sprs, padomju, kara, latvijas, karu, darbaļaužu, pasaules, karš, visu, proletariāta, revolūcijas, dzīvo, vācijas, darbaļaudis, oktobra"
revl-n030-LKP_Riga_committee-10000-1934-04.txt,2,0.16735379936240852,"sprs, padomju, kara, latvijas, karu, darbaļaužu, pasaules, karš, visu, proletariāta, revolūcijas, dzīvo, vācijas, darbaļaudis, oktobra"
revl-n028-LKP_LKJS_Ventspils_committee-2000-1934-04.txt,2,0.1368243024824455,"sprs, padomju, kara, latvijas, karu, darbaļaužu, pasaules, karš, visu, proletariāta, revolūcijas, dzīvo, vācijas, darbaļaudis, oktobra"
revl-n077-LKP_CK-500-1934-10-22.txt,2,0.1860770738721183,"sprs, padomju, kara, latvijas, karu, darbaļaužu, pasaules, karš, visu, proletariāta, revolūcijas, dzīvo, vācijas, darbaļaudis, oktobra"
revl-n090-LKJS_Riga_port_workers_cell-unk-1934-12-07.txt,0,0.16816920341664898,"strādnieku, darba, algas, strādniekiem, strādnieki, biedri, arodbiedrību, strādniekus, arodbiedrības, algu, valdība, mūsu, bezdarbnieku, cīņas, mums"
revl-n142-LKP_Karpatu_district_committee-1000-[…1935-05-15].txt,0,0.10303684715392197,"strādnieku, darba, algas, strādniekiem, strādnieki, biedri, arodbiedrību, strādniekus, arodbiedrības, algu, valdība, mūsu, bezdarbnieku, cīņas, mums"
revl-n157-LKP_LKJS_LSSZP_LSJS_Ventspils_district_committee-3000-[…1935-09-15].txt,0,0.2055261360608142,"strādnieku, darba, algas, strādniekiem, strādnieki, biedri, arodbiedrību, strādniekus, arodbiedrības, algu, valdība, mūsu, bezdarbnieku, cīņas, mums"
revl-n186-LDJS-3000-[…1936-07-28].txt,2,0.17339224397213984,"sprs, padomju, kara, latvijas, karu, darbaļaužu, pasaules, karš, visu, proletariāta, revolūcijas, dzīvo, vācijas, darbaļaudis, oktobra"
revl-n051-LKP_Riga_committee-3000-1934-07.txt,2,0.20847668130239663,"sprs, padomju, kara, latvijas, karu, darbaļaužu, pasaules, karš, visu, proletariāta, revolūcijas, dzīvo, vācijas, darbaļaudis, oktobra"
revl-n222-LKP_Secretariat_LSSZP_CK_LDJS_CK-10000-[…1938-10-17].txt,1,0.22963626682974883,"tautas, latvijas, spānijas, tautu, brīvības, latvju, tautai, ulmaņa, vācu, sprs, spāņu, tauta, brīvību, fašistu, baltijas"
revl-n232b-LKP_CK_LSSZP_CK_LDJS_CK-1500-[1939-05-22…].txt,1,0.2972684223227142,"tautas, latvijas, spānijas, tautu, brīvības, latvju, tautai, ulmaņa, vācu, sprs, spāņu, tauta, brīvību, fašistu, baltijas"
revl-n062-LKJS_Riga_committee-1000-1934-08.txt,4,0.22677995016112903,"jaunatnes, darba, jaunatne, jaunatnei, skolu, jaunatni, latvijas, darba jaunatnes, strādnieku, skolas, skolnieku, darba jaunatne, jaunieši, cīņas, laukos"
revl-n121-LKP_CK_Womens_center-3000-[…1935-03-08].txt,3,0.632521368470343,"sievietes, darba sievietes, mātes, sieviešu, darba, sievietes mātes, bērnu, daudz, sievietēm, ģimenes, sieviete, buržuju, vienādu, biedru vīrieti, vīrieti"
revl-n204-LKP_Jelgava_district_committee-15000-1937-08-01.txt,2,0.19980512840872566,"sprs, padomju, kara, latvijas, karu, darbaļaužu, pasaules, karš, visu, proletariāta, revolūcijas, dzīvo, vācijas, darbaļaudis, oktobra"
revl-n055-United_antifascist_committee-unk-1934-07.txt,0,0.10472942694754535,"strādnieku, darba, algas, strādniekiem, strādnieki, biedri, arodbiedrību, strādniekus, arodbiedrības, algu, valdība, mūsu, bezdarbnieku, cīņas, mums"
revl-n178-SP_CK-3000-[…1936-05-09].txt,5,0.12286321409040357,"latvijas, palīdzības, sarkanās palīdzības, darba, sarkanās, fašistu, cietumos, nāves, darba tautas, politieslodzītajiem, protesta, ziemas, tautas, politieslodzīto, latvijas sarkanās"
revl-n205-LDJS_Daugavpils_org_I_district_committee-200-1937-09.txt,0,0.12642034496959964,"strādnieku, darba, algas, strādniekiem, strādnieki, biedri, arodbiedrību, strādniekus, arodbiedrības, algu, valdība, mūsu, bezdarbnieku, cīņas, mums"
revl-n194b-LKP_Secretariat-unk-1937-01.txt,1,0.3437173474309151,"tautas, latvijas, spānijas, tautu, brīvības, latvju, tautai, ulmaņa, vācu, sprs, spāņu, tauta, brīvību, fašistu, baltijas"
revl-n135-LKP_Riga_org_West_district_committee-100-1935-04.txt,0,0.14275548848342942,"strādnieku, darba, algas, strādniekiem, strādnieki, biedri, arodbiedrību, strādniekus, arodbiedrības, algu, valdība, mūsu, bezdarbnieku, cīņas, mums"
revl-n037-LKJS_CK-4000-1934-05-23.txt,0,0.11541189096730434,"strādnieku, darba, algas, strādniekiem, strādnieki, biedri, arodbiedrību, strādniekus, arodbiedrības, algu, valdība, mūsu, bezdarbnieku, cīņas, mums"
revl-n029-LKP_LKJS_Ventspils_committee-500-1934-04.txt,2,0.09829598630146208,"sprs, padomju, kara, latvijas, karu, darbaļaužu, pasaules, karš, visu, proletariāta, revolūcijas, dzīvo, vācijas, darbaļaudis, oktobra"
revl-n223-LKP_Latgale_org-500-1938-11.txt,1,0.13991652969738477,"tautas, latvijas, spānijas, tautu, brīvības, latvju, tautai, ulmaņa, vācu, sprs, spāņu, tauta, brīvību, fašistu, baltijas"
revl-n177-LKP_LKJS_Latgale_regional_committee-5000-1936-04-30.txt,2,0.1293885820698531,"sprs, padomju, kara, latvijas, karu, darbaļaužu, pasaules, karš, visu, proletariāta, revolūcijas, dzīvo, vācijas, darbaļaudis, oktobra"
revl-n058-LKJS_CK-3000-1934-08-16.txt,4,0.2682615170225415,"jaunatnes, darba, jaunatne, jaunatnei, skolu, jaunatni, latvijas, darba jaunatnes, strādnieku, skolas, skolnieku, darba jaunatne, jaunieši, cīņas, laukos"
revl-n211-LKP_Secretariat-10000-1938-01.txt,1,0.35102535313470995,"tautas, latvijas, spānijas, tautu, brīvības, latvju, tautai, ulmaņa, vācu, sprs, spāņu, tauta, brīvību, fašistu, baltijas"
revl-n190b-LKP_CK_LSSZP_CK-5000-1936-09.txt,1,0.3139550518002207,"tautas, latvijas, spānijas, tautu, brīvības, latvju, tautai, ulmaņa, vācu, sprs, spāņu, tauta, brīvību, fašistu, baltijas"
revl-n213-LDJS_Latgale_regional_committee-5000-[1938-02-11…].txt,4,0.10826905139768563,"jaunatnes, darba, jaunatne, jaunatnei, skolu, jaunatni, latvijas, darba jaunatnes, strādnieku, skolas, skolnieku, darba jaunatne, jaunieši, cīņas, laukos"
revl-n064-LKJS_CK_LKJS_Riga_committee-unk-[1934-08-20..1934-08-31].txt,4,0.21423785793847194,"jaunatnes, darba, jaunatne, jaunatnei, skolu, jaunatni, latvijas, darba jaunatnes, strādnieku, skolas, skolnieku, darba jaunatne, jaunieši, cīņas, laukos"
revl-n215-LKP_Secretariat_LSSZP_CK_LDJS_CK-10000-[1938-03-11…].txt,1,0.34118965035438353,"tautas, latvijas, spānijas, tautu, brīvības, latvju, tautai, ulmaņa, vācu, sprs, spāņu, tauta, brīvību, fašistu, baltijas"
revl-n230-Latvian_antifascist_intelligentsia-6000-1939-04.txt,1,0.31303573984497174,"tautas, latvijas, spānijas, tautu, brīvības, latvju, tautai, ulmaņa, vācu, sprs, spāņu, tauta, brīvību, fašistu, baltijas"
revl-n240-LKP_Riga_committee-unk-1939-11.txt,0,0.17208451547709966,"strādnieku, darba, algas, strādniekiem, strādnieki, biedri, arodbiedrību, strādniekus, arodbiedrības, algu, valdība, mūsu, bezdarbnieku, cīņas, mums"
revl-n174-SP_CK_revolutionary_writers_artists_journalists_union_progressive_intellectuals_doctors_teachers_lawyers_group-3000-[…1936-04-20].txt,5,0.2335960847508112,"latvijas, palīdzības, sarkanās palīdzības, darba, sarkanās, fašistu, cietumos, nāves, darba tautas, politieslodzītajiem, protesta, ziemas, tautas, politieslodzīto, latvijas sarkanās"
revl-n158-LKJS_CK_LSJS_CK-5000-1935-09.txt,4,0.2542729380958322,"jaunatnes, darba, jaunatne, jaunatnei, skolu, jaunatni, latvijas, darba jaunatnes, strādnieku, skolas, skolnieku, darba jaunatne, jaunieši, cīņas, laukos"
revl-n059-LKP_Riga_committee-1000-1934-08-21.txt,5,0.13963025329122314,"latvijas, palīdzības, sarkanās palīdzības, darba, sarkanās, fašistu, cietumos, nāves, darba tautas, politieslodzītajiem, protesta, ziemas, tautas, politieslodzīto, latvijas sarkanās"
revl-n122-LKP_Riga_committee-3000-[…1935-03-08].txt,3,0.26635347355725403,"sievietes, darba sievietes, mātes, sieviešu, darba, sievietes mātes, bērnu, daudz, sievietēm, ģimenes, sieviete, buržuju, vienādu, biedru vīrieti, vīrieti"
revl-n132-LKP_Riga_committee_LKJS_Riga_committee-4000-1935-04.txt,2,0.12557239539560816,"sprs, padomju, kara, latvijas, karu, darbaļaužu, pasaules, karš, visu, proletariāta, revolūcijas, dzīvo, vācijas, darbaļaudis, oktobra"
revl-n146-LKJS_Riga_org_IV_district_committee-unk-1935-07-25.txt,5,0.22197941510570515,"latvijas, palīdzības, sarkanās palīdzības, darba, sarkanās, fašistu, cietumos, nāves, darba tautas, politieslodzītajiem, protesta, ziemas, tautas, politieslodzīto, latvijas sarkanās"
revl-n013-LKJS_Riga_committee-unk-[…1934-02-24].txt,4,0.14850023139483265,"jaunatnes, darba, jaunatne, jaunatnei, skolu, jaunatni, latvijas, darba jaunatnes, strādnieku, skolas, skolnieku, darba jaunatne, jaunieši, cīņas, laukos"
revl-n085-LKJS_Riga_committee-2000-1934-11-12.txt,4,0.0943689264664252,"jaunatnes, darba, jaunatne, jaunatnei, skolu, jaunatni, latvijas, darba jaunatnes, strādnieku, skolas, skolnieku, darba jaunatne, jaunieši, cīņas, laukos"
revl-n099-LKP_CK-2000-[…1935-01-20].txt,5,0.2265038581840038,"latvijas, palīdzības, sarkanās palīdzības, darba, sarkanās, fašistu, cietumos, nāves, darba tautas, politieslodzītajiem, protesta, ziemas, tautas, politieslodzīto, latvijas sarkanās"
revl-n091-LKJS_VEF_cell-100-1934-12-18.txt,0,0.11378904995328144,"strādnieku, darba, algas, strādniekiem, strādnieki, biedri, arodbiedrību, strādniekus, arodbiedrības, algu, valdība, mūsu, bezdarbnieku, cīņas, mums"
revl-n188-LKP_Riga_committee-2000-1936-08.txt,1,0.2540827967801415,"tautas, latvijas, spānijas, tautu, brīvības, latvju, tautai, ulmaņa, vācu, sprs, spāņu, tauta, brīvību, fašistu, baltijas"
revl-n137-LKP_Riga_committee-6000-1935-05-05.txt,0,0.07077693629047817,"strādnieku, darba, algas, strādniekiem, strādnieki, biedri, arodbiedrību, strādniekus, arodbiedrības, algu, valdība, mūsu, bezdarbnieku, cīņas, mums"
revl-n097-LKP_Riga_committee_Left_trade_union_AllLatvia_center-2000-[1935-01-07…].txt,0,0.22900858602132892,"strādnieku, darba, algas, strādniekiem, strādnieki, biedri, arodbiedrību, strādniekus, arodbiedrības, algu, valdība, mūsu, bezdarbnieku, cīņas, mums"
revl-n173a-LKJS_CK_LSJS_CK-10000-[…1936-04-18].txt,4,0.47143454539106333,"jaunatnes, darba, jaunatne, jaunatnei, skolu, jaunatni, latvijas, darba jaunatnes, strādnieku, skolas, skolnieku, darba jaunatne, jaunieši, cīņas, laukos"
revl-n103-LKP_CK_LKJS_CK_LSSZP_CK_LSJS_CK-3000-1935-01.txt,0,0.08989508686168553,"strādnieku, darba, algas, strādniekiem, strādnieki, biedri, arodbiedrību, strādniekus, arodbiedrības, algu, valdība, mūsu, bezdarbnieku, cīņas, mums"
revl-n141-LKP_Daugavpils_committee_LKJS_Daugavpils_committee-3000-[…1935-05-15].txt,0,0.1676045867458207,"strādnieku, darba, algas, strādniekiem, strādnieki, biedri, arodbiedrību, strādniekus, arodbiedrības, algu, valdība, mūsu, bezdarbnieku, cīņas, mums"
revl-n015-LKJS_CK-3000-1934-02.txt,4,0.340249052999436,"jaunatnes, darba, jaunatne, jaunatnei, skolu, jaunatni, latvijas, darba jaunatnes, strādnieku, skolas, skolnieku, darba jaunatne, jaunieši, cīņas, laukos"
revl-n145-LKJS_Riga_committee-2000-1935-06-15.txt,0,0.17677131824311082,"strādnieku, darba, algas, strādniekiem, strādnieki, biedri, arodbiedrību, strādniekus, arodbiedrības, algu, valdība, mūsu, bezdarbnieku, cīņas, mums"
revl-n114-LKP_CK-7000-[1935-02-01..1935-02-15].txt,2,0.18556440451470663,"sprs, padomju, kara, latvijas, karu, darbaļaužu, pasaules, karš, visu, proletariāta, revolūcijas, dzīvo, vācijas, darbaļaudis, oktobra"
revl-n020-LKP_LKJS_Zemgales_org_Jelgavas_committee-unk-[1934-03-16…].txt,0,0.06513635025090121,"strādnieku, darba, algas, strādniekiem, strādnieki, biedri, arodbiedrību, strādniekus, arodbiedrības, algu, valdība, mūsu, bezdarbnieku, cīņas, mums"
revl-n160a-LKP_CK_LKJS_CK-10000-1935-10-10.txt,2,0.22169367910365217,"sprs, padomju, kara, latvijas, karu, darbaļaužu, pasaules, karš, visu, proletariāta, revolūcijas, dzīvo, vācijas, darbaļaudis, oktobra"
revl-n169-LKP_military_org-3000-1936-02.txt,2,0.07401436914688149,"sprs, padomju, kara, latvijas, karu, darbaļaužu, pasaules, karš, visu, proletariāta, revolūcijas, dzīvo, vācijas, darbaļaudis, oktobra"
revl-n156-LKJS_CK_LKJS_Latgale_regional_committee-1500-[…1935-08-15].txt,4,0.10512934457631962,"jaunatnes, darba, jaunatne, jaunatnei, skolu, jaunatni, latvijas, darba jaunatnes, strādnieku, skolas, skolnieku, darba jaunatne, jaunieši, cīņas, laukos"
revl-n075-LKJS_Riga_committee-unk-[1934-10-15…].txt,4,0.17813045512068426,"jaunatnes, darba, jaunatne, jaunatnei, skolu, jaunatni, latvijas, darba jaunatnes, strādnieku, skolas, skolnieku, darba jaunatne, jaunieši, cīņas, laukos"
revl-n057-LKJS_Riga_committee-2000-1934-08-10.txt,4,0.34710674081293474,"jaunatnes, darba, jaunatne, jaunatnei, skolu, jaunatni, latvijas, darba jaunatnes, strādnieku, skolas, skolnieku, darba jaunatne, jaunieši, cīņas, laukos"
revl-n003-SP_CK-unk-[…1934-01-21].txt,5,0.236694331254855,"latvijas, palīdzības, sarkanās palīdzības, darba, sarkanās, fašistu, cietumos, nāves, darba tautas, politieslodzītajiem, protesta, ziemas, tautas, politieslodzīto, latvijas sarkanās"
revl-n234-LKP_LDJS_Latgale_regional_committee-5000-1939-09.txt,2,0.1434503666280049,"sprs, padomju, kara, latvijas, karu, darbaļaužu, pasaules, karš, visu, proletariāta, revolūcijas, dzīvo, vācijas, darbaļaudis, oktobra"
revl-n045-LKP_Riga_committee-2000-[…1934-07-17].txt,0,0.16628705775828442,"strādnieku, darba, algas, strādniekiem, strādnieki, biedri, arodbiedrību, strādniekus, arodbiedrības, algu, valdība, mūsu, bezdarbnieku, cīņas, mums"
revl-n198-LKP_Secretariat-10000-[…1937-04-27].txt,1,0.32372076261079796,"tautas, latvijas, spānijas, tautu, brīvības, latvju, tautai, ulmaņa, vācu, sprs, spāņu, tauta, brīvību, fašistu, baltijas"
revl-n162-LKP_CK_LSSZP_CK-10000-1935-10.txt,2,0.2818515333567168,"sprs, padomju, kara, latvijas, karu, darbaļaužu, pasaules, karš, visu, proletariāta, revolūcijas, dzīvo, vācijas, darbaļaudis, oktobra"
revl-n160b-LKP_CK_LKJS_CK-1000-1935-10-20.txt,2,0.22169367910365217,"sprs, padomju, kara, latvijas, karu, darbaļaužu, pasaules, karš, visu, proletariāta, revolūcijas, dzīvo, vācijas, darbaļaudis, oktobra"
revl-n236-LDJS_Riga_committee-unk-[1939-10-05…].txt,2,0.14270853033700176,"sprs, padomju, kara, latvijas, karu, darbaļaužu, pasaules, karš, visu, proletariāta, revolūcijas, dzīvo, vācijas, darbaļaudis, oktobra"
revl-n007-SP_Riga_committee-unk-1934-01.txt,5,0.2780530435317013,"latvijas, palīdzības, sarkanās palīdzības, darba, sarkanās, fašistu, cietumos, nāves, darba tautas, politieslodzītajiem, protesta, ziemas, tautas, politieslodzīto, latvijas sarkanās"
revl-n102-LKP_CK_LSSZP_CK-2000-1935-01.txt,2,0.17200902489706102,"sprs, padomju, kara, latvijas, karu, darbaļaužu, pasaules, karš, visu, proletariāta, revolūcijas, dzīvo, vācijas, darbaļaudis, oktobra"
revl-n239-LKP_CK_LSSZP_CK_LDJS_CK-6000-1939-11.txt,1,0.2394729269884147,"tautas, latvijas, spānijas, tautu, brīvības, latvju, tautai, ulmaņa, vācu, sprs, spāņu, tauta, brīvību, fašistu, baltijas"
revl-n041-LKP_United_antifascist_committee-unk-[…1934-06-15].txt,2,0.0871489347967264,"sprs, padomju, kara, latvijas, karu, darbaļaužu, pasaules, karš, visu, proletariāta, revolūcijas, dzīvo, vācijas, darbaļaudis, oktobra"
revl-n143-SP_CK-4000-[…1935-05-15].txt,5,0.25182195573642824,"latvijas, palīdzības, sarkanās palīdzības, darba, sarkanās, fašistu, cietumos, nāves, darba tautas, politieslodzītajiem, protesta, ziemas, tautas, politieslodzīto, latvijas sarkanās"
revl-n168-LKP_Riga_committee-2000-[…1936-02-27].txt,2,0.16968841869420198,"sprs, padomju, kara, latvijas, karu, darbaļaužu, pasaules, karš, visu, proletariāta, revolūcijas, dzīvo, vācijas, darbaļaudis, oktobra"
revl-n206-LDJS_Riga_org_II_district_committee-unk-[…1937-10-08].txt,0,0.15280043472490604,"strādnieku, darba, algas, strādniekiem, strādnieki, biedri, arodbiedrību, strādniekus, arodbiedrības, algu, valdība, mūsu, bezdarbnieku, cīņas, mums"
revl-n054-United_antifascist_committee-unk-1934-07.txt,0,0.06664638134857069,"strādnieku, darba, algas, strādniekiem, strādnieki, biedri, arodbiedrību, strādniekus, arodbiedrības, algu, valdība, mūsu, bezdarbnieku, cīņas, mums"
revl-n216a-LKP_Secretariat_LSSZP_CK_LDJS_CK-10000-[…1938-04-23].txt,1,0.3105788669098455,"tautas, latvijas, spānijas, tautu, brīvības, latvju, tautai, ulmaņa, vācu, sprs, spāņu, tauta, brīvību, fašistu, baltijas"
revl-n074-LKJS_CK_LSJS_CK-2000-1934-10-15.txt,4,0.184602627515352,"jaunatnes, darba, jaunatne, jaunatnei, skolu, jaunatni, latvijas, darba jaunatnes, strādnieku, skolas, skolnieku, darba jaunatne, jaunieši, cīņas, laukos"
revl-n034-LKP_CK-500-[…1934-05-15].txt,2,0.12347651673788107,"sprs, padomju, kara, latvijas, karu, darbaļaužu, pasaules, karš, visu, proletariāta, revolūcijas, dzīvo, vācijas, darbaļaudis, oktobra"
revl-n107-LKP_CK-unk-[…1935-02-04].txt,0,0.10045198194792648,"strādnieku, darba, algas, strādniekiem, strādnieki, biedri, arodbiedrību, strādniekus, arodbiedrības, algu, valdība, mūsu, bezdarbnieku, cīņas, mums"
revl-n095-LKP_CK-5000-1935-01-01.txt,2,0.22938089642134432,"sprs, padomju, kara, latvijas, karu, darbaļaužu, pasaules, karš, visu, proletariāta, revolūcijas, dzīvo, vācijas, darbaļaudis, oktobra"
revl-n008-SP_Riga_committee-unk-1934-01.txt,5,0.1164226829524797,"latvijas, palīdzības, sarkanās palīdzības, darba, sarkanās, fašistu, cietumos, nāves, darba tautas, politieslodzītajiem, protesta, ziemas, tautas, politieslodzīto, latvijas sarkanās"
revl-n060-LKP_Riga_committee-4000-[…1934-08-31].txt,1,0.07562383646189377,"tautas, latvijas, spānijas, tautu, brīvības, latvju, tautai, ulmaņa, vācu, sprs, spāņu, tauta, brīvību, fašistu, baltijas"
revl-n009-LKJS_CK-3000-1934-02-10.txt,0,0.12271331411770701,"strādnieku, darba, algas, strādniekiem, strādnieki, biedri, arodbiedrību, strādniekus, arodbiedrības, algu, valdība, mūsu, bezdarbnieku, cīņas, mums"
revl-n235-LDJS_CK-unk-[1939-09…].txt,4,0.255004831851391,"jaunatnes, darba, jaunatne, jaunatnei, skolu, jaunatni, latvijas, darba jaunatnes, strādnieku, skolas, skolnieku, darba jaunatne, jaunieši, cīņas, laukos"
revl-n125-LKP_Riga_committee-4000-1935-03-21.txt,5,0.19665277525959649,"latvijas, palīdzības, sarkanās palīdzības, darba, sarkanās, fašistu, cietumos, nāves, darba tautas, politieslodzītajiem, protesta, ziemas, tautas, politieslodzīto, latvijas sarkanās"
revl-n150-LKP_Riga_committee-6000-[…1935-07-28].txt,0,0.17732207590275312,"strādnieku, darba, algas, strādniekiem, strādnieki, biedri, arodbiedrību, strādniekus, arodbiedrības, algu, valdība, mūsu, bezdarbnieku, cīņas, mums"
revl-n086-SP_CK-3000-1934-11.txt,5,0.29545537256797844,"latvijas, palīdzības, sarkanās palīdzības, darba, sarkanās, fašistu, cietumos, nāves, darba tautas, politieslodzītajiem, protesta, ziemas, tautas, politieslodzīto, latvijas sarkanās"
revl-n130a-LKP_CK_LKJS_CK_LSSZP_CK_LSJS_CK-15000-[…1935-04-12].txt,2,0.29027733619772655,"sprs, padomju, kara, latvijas, karu, darbaļaužu, pasaules, karš, visu, proletariāta, revolūcijas, dzīvo, vācijas, darbaļaudis, oktobra"
revl-n019-LKJS_CK-3500-1934-03-16.txt,0,0.11429180074580894,"strādnieku, darba, algas, strādniekiem, strādnieki, biedri, arodbiedrību, strādniekus, arodbiedrības, algu, valdība, mūsu, bezdarbnieku, cīņas, mums"
revl-n004a-LKP_CK-3000-[…1934-01-30].txt,0,0.1621107996115477,"strādnieku, darba, algas, strādniekiem, strādnieki, biedri, arodbiedrību, strādniekus, arodbiedrības, algu, valdība, mūsu, bezdarbnieku, cīņas, mums"
revl-n136-LKJS_Riga_org_IV_district_unit_committee_LSJS_Riga_org_I_district_unit_committee-800-[…1935-04-30].txt,4,0.1639349853561023,"jaunatnes, darba, jaunatne, jaunatnei, skolu, jaunatni, latvijas, darba jaunatnes, strādnieku, skolas, skolnieku, darba jaunatne, jaunieši, cīņas, laukos"
revl-n200-Port_workers_unit_committee-unk-[…1937-06-25].txt,0,0.15322507469087887,"strādnieku, darba, algas, strādniekiem, strādnieki, biedri, arodbiedrību, strādniekus, arodbiedrības, algu, valdība, mūsu, bezdarbnieku, cīņas, mums"
revl-n159-SP_CK-8000-1935-09.txt,5,0.35622761241733947,"latvijas, palīdzības, sarkanās palīdzības, darba, sarkanās, fašistu, cietumos, nāves, darba tautas, politieslodzītajiem, protesta, ziemas, tautas, politieslodzīto, latvijas sarkanās"
revl-n189-SP_CK_SP_Riga_committee-3000-[...1936-09-09].txt,1,0.2131216324465013,"tautas, latvijas, spānijas, tautu, brīvības, latvju, tautai, ulmaņa, vācu, sprs, spāņu, tauta, brīvību, fašistu, baltijas"
revl-n071-LKP_Riga_org_X-100-1934-09.txt,0,0.17916298986085535,"strādnieku, darba, algas, strādniekiem, strādnieki, biedri, arodbiedrību, strādniekus, arodbiedrības, algu, valdība, mūsu, bezdarbnieku, cīņas, mums"
revl-n056-LKP_soldiers_org-unk-1934-07.txt,2,0.21518404511570635,"sprs, padomju, kara, latvijas, karu, darbaļaužu, pasaules, karš, visu, proletariāta, revolūcijas, dzīvo, vācijas, darbaļaudis, oktobra"
revl-n006-LKJS_Riga_committee-3000-1934-01.txt,0,0.18504902618754618,"strādnieku, darba, algas, strādniekiem, strādnieki, biedri, arodbiedrību, strādniekus, arodbiedrības, algu, valdība, mūsu, bezdarbnieku, cīņas, mums"
revl-n017-LKP_CK_Womens_center-5000-[…1934-03-08].txt,3,0.6576836785031955,"sievietes, darba sievietes, mātes, sieviešu, darba, sievietes mātes, bērnu, daudz, sievietēm, ģimenes, sieviete, buržuju, vienādu, biedru vīrieti, vīrieti"
revl-n063-LKJS_Riga_org_IV_district_X_cell-50-1934-08-25.txt,0,0.15157382596404684,"strādnieku, darba, algas, strādniekiem, strādnieki, biedri, arodbiedrību, strādniekus, arodbiedrības, algu, valdība, mūsu, bezdarbnieku, cīņas, mums"
revl-n171-LKP_Daugavpils_city_committee-3000-1936-03.txt,2,0.19316039498834864,"sprs, padomju, kara, latvijas, karu, darbaļaužu, pasaules, karš, visu, proletariāta, revolūcijas, dzīvo, vācijas, darbaļaudis, oktobra"
revl-n092-LKJS_Riga_org_III_district_committee-100-1934-12-24.txt,0,0.15585845005658716,"strādnieku, darba, algas, strādniekiem, strādnieki, biedri, arodbiedrību, strādniekus, arodbiedrības, algu, valdība, mūsu, bezdarbnieku, cīņas, mums"
revl-n061-LKJS_CK_LKJS_Riga_committee-unk-[1934-08-20..1934-08-31].txt,2,0.13497916136631194,"sprs, padomju, kara, latvijas, karu, darbaļaužu, pasaules, karš, visu, proletariāta, revolūcijas, dzīvo, vācijas, darbaļaudis, oktobra"
revl-n004b-LKP_CK-10000-[…1934-01-30].txt,0,0.1621107996115477,"strādnieku, darba, algas, strādniekiem, strādnieki, biedri, arodbiedrību, strādniekus, arodbiedrības, algu, valdība, mūsu, bezdarbnieku, cīņas, mums"
revl-n131-LKJS_CK-5000-1935-04.txt,4,0.16030041017195973,"jaunatnes, darba, jaunatne, jaunatnei, skolu, jaunatni, latvijas, darba jaunatnes, strādnieku, skolas, skolnieku, darba jaunatne, jaunieši, cīņas, laukos"
revl-n227-LKP_CK_LSSZP_CK_LDJS_CK-1000-1939-03.txt,0,0.11884918926779592,"strādnieku, darba, algas, strādniekiem, strādnieki, biedri, arodbiedrību, strādniekus, arodbiedrības, algu, valdība, mūsu, bezdarbnieku, cīņas, mums"
revl-n078-LKP_faction_in_Latvian_railwaymen_union-500-1934-10-24.txt,0,0.12015188214376532,"strādnieku, darba, algas, strādniekiem, strādnieki, biedri, arodbiedrību, strādniekus, arodbiedrības, algu, valdība, mūsu, bezdarbnieku, cīņas, mums"
revl-n126-LKJS_LSJS_Riga_students_united_struggle_committee-1000-1935-03.txt,4,0.19181419255995683,"jaunatnes, darba, jaunatne, jaunatnei, skolu, jaunatni, latvijas, darba jaunatnes, strādnieku, skolas, skolnieku, darba jaunatne, jaunieši, cīņas, laukos"
revl-n084-LKJS_CK-3000-1934-11-12.txt,4,0.15695389642136764,"jaunatnes, darba, jaunatne, jaunatnei, skolu, jaunatni, latvijas, darba jaunatnes, strādnieku, skolas, skolnieku, darba jaunatne, jaunieši, cīņas, laukos"
revl-n049-LKP_CK-3000-[…1934-07-30].txt,0,0.10887247860953758,"strādnieku, darba, algas, strādniekiem, strādnieki, biedri, arodbiedrību, strādniekus, arodbiedrības, algu, valdība, mūsu, bezdarbnieku, cīņas, mums"
revl-n018-SP_CK-unk-[…1934-03-08].txt,3,0.47495998736072353,"sievietes, darba sievietes, mātes, sieviešu, darba, sievietes mātes, bērnu, daudz, sievietēm, ģimenes, sieviete, buržuju, vienādu, biedru vīrieti, vīrieti"
revl-n152-LKJS_CK_LSJS_CK-5000-[…1935-07-28].txt,4,0.23670039728809733,"jaunatnes, darba, jaunatne, jaunatnei, skolu, jaunatni, latvijas, darba jaunatnes, strādnieku, skolas, skolnieku, darba jaunatne, jaunieši, cīņas, laukos"
revl-n232a-LKP_CK_LSSZP_CK_LDJS_CK-5000-[…1939-05-22].txt,1,0.2972684223227142,"tautas, latvijas, spānijas, tautu, brīvības, latvju, tautai, ulmaņa, vācu, sprs, spāņu, tauta, brīvību, fašistu, baltijas"
revl-n096-LKP_Riga_committee-5000-[…1935-01-02].txt,0,0.14089903630941855,"strādnieku, darba, algas, strādniekiem, strādnieki, biedri, arodbiedrību, strādniekus, arodbiedrības, algu, valdība, mūsu, bezdarbnieku, cīņas, mums"
revl-n052-LKJS_Riga_committee-unk-1934-07.txt,2,0.2525603908021954,"sprs, padomju, kara, latvijas, karu, darbaļaužu, pasaules, karš, visu, proletariāta, revolūcijas, dzīvo, vācijas, darbaļaudis, oktobra"
revl-n194a-LKP_Secretariat-10000-1936-11.txt,1,0.3437173474309151,"tautas, latvijas, spānijas, tautu, brīvības, latvju, tautai, ulmaņa, vācu, sprs, spāņu, tauta, brīvību, fašistu, baltijas"
revl-n109-LKP_CK_LKJS_CK_LSSZP_CK_LSJS_CK-4000-1935-02-08.txt,5,0.10356529189940995,"latvijas, palīdzības, sarkanās palīdzības, darba, sarkanās, fašistu, cietumos, nāves, darba tautas, politieslodzītajiem, protesta, ziemas, tautas, politieslodzīto, latvijas sarkanās"
revl-n246-LKP-unk-1940-04.txt,0,0.09980268163432182,"strādnieku, darba, algas, strādniekiem, strādnieki, biedri, arodbiedrību, strādniekus, arodbiedrības, algu, valdība, mūsu, bezdarbnieku, cīņas, mums"
revl-n247-LKP_Latgale_regional_committee-3000-1940-04.txt,2,0.2437587503512281,"sprs, padomju, kara, latvijas, karu, darbaļaužu, pasaules, karš, visu, proletariāta, revolūcijas, dzīvo, vācijas, darbaļaudis, oktobra"
revl-n069-LKP_Riga_committee_Shoemakers_faction-unk-1934-09.txt,0,0.10700708559837682,"strādnieku, darba, algas, strādniekiem, strādnieki, biedri, arodbiedrību, strādniekus, arodbiedrības, algu, valdība, mūsu, bezdarbnieku, cīņas, mums"
revl-n219a-LKP_Secretariat_LSSZP_CK_LDJS_CK-10000-[…1938-06-26].txt,1,0.45026048133764857,"tautas, latvijas, spānijas, tautu, brīvības, latvju, tautai, ulmaņa, vācu, sprs, spāņu, tauta, brīvību, fašistu, baltijas"
revl-n032-LKJS_Riga_textile_factory_Merino_cell-100-1934-04.txt,0,0.13532673267143464,"strādnieku, darba, algas, strādniekiem, strādnieki, biedri, arodbiedrību, strādniekus, arodbiedrības, algu, valdība, mūsu, bezdarbnieku, cīņas, mums"
revl-n129-VEF_revolutionary_unit_committee-200-[…1935-04-13].txt,0,0.12713130514811086,"strādnieku, darba, algas, strādniekiem, strādnieki, biedri, arodbiedrību, strādniekus, arodbiedrības, algu, valdība, mūsu, bezdarbnieku, cīņas, mums"
revl-n012-LKP_CK-unk-[…1934-02-24].txt,0,0.11275572730790026,"strādnieku, darba, algas, strādniekiem, strādnieki, biedri, arodbiedrību, strādniekus, arodbiedrības, algu, valdība, mūsu, bezdarbnieku, cīņas, mums"
revl-n214-LDJS_Daugavpils_org_I_district_committee-500-1938-02.txt,4,0.15682527969153387,"jaunatnes, darba, jaunatne, jaunatnei, skolu, jaunatni, latvijas, darba jaunatnes, strādnieku, skolas, skolnieku, darba jaunatne, jaunieši, cīņas, laukos"
revl-n203-LDJS_CK-5000-1937-07-23.txt,1,0.06463780075387801,"tautas, latvijas, spānijas, tautu, brīvības, latvju, tautai, ulmaņa, vācu, sprs, spāņu, tauta, brīvību, fašistu, baltijas"
revl-n050-LKP_LKJS_Daugavpils_committee-3000-1934-07.txt,2,0.2826811524558242,"sprs, padomju, kara, latvijas, karu, darbaļaužu, pasaules, karš, visu, proletariāta, revolūcijas, dzīvo, vācijas, darbaļaudis, oktobra"
revl-n175-LKP_Riga_committee-10000-[…1936-04-27].txt,2,0.15394155622317052,"sprs, padomju, kara, latvijas, karu, darbaļaužu, pasaules, karš, visu, proletariāta, revolūcijas, dzīvo, vācijas, darbaļaudis, oktobra"
revl-n243-LKP_LDJS_Latgale_regional_committee_Stalins_district_committee-300-1939-11.txt,2,0.1834995756097628,"sprs, padomju, kara, latvijas, karu, darbaļaužu, pasaules, karš, visu, proletariāta, revolūcijas, dzīvo, vācijas, darbaļaudis, oktobra"
revl-n251-LKP_Riga_committee-unk-1940-06-19.txt,1,0.12884013458686755,"tautas, latvijas, spānijas, tautu, brīvības, latvju, tautai, ulmaņa, vācu, sprs, spāņu, tauta, brīvību, fašistu, baltijas"
revl-n167-LKP_Riga_committee-4000-[…1936-02-14].txt,0,0.21653091855303133,"strādnieku, darba, algas, strādniekiem, strādnieki, biedri, arodbiedrību, strādniekus, arodbiedrības, algu, valdība, mūsu, bezdarbnieku, cīņas, mums"
revl-n130b-LKP_CK_LKJS_CK_LSSZP_CK_LSJS_CK-4000-[…1935-04-12].txt,2,0.29027733619772655,"sprs, padomju, kara, latvijas, karu, darbaļaužu, pasaules, karš, visu, proletariāta, revolūcijas, dzīvo, vācijas, darbaļaudis, oktobra"
revl-n046-LKJS_CK-5000-[…1934-07-17].txt,2,0.27609795414528654,"sprs, padomju, kara, latvijas, karu, darbaļaužu, pasaules, karš, visu, proletariāta, revolūcijas, dzīvo, vācijas, darbaļaudis, oktobra"
revl-n149-LKP_Riga_committee-5000-[…1935-07-28].txt,1,0.1869140435234946,"tautas, latvijas, spānijas, tautu, brīvības, latvju, tautai, ulmaņa, vācu, sprs, spāņu, tauta, brīvību, fašistu, baltijas"
revl-n027-LKJS_Riga_committee-3000-1934-04.txt,2,0.0876279003817504,"sprs, padomju, kara, latvijas, karu, darbaļaužu, pasaules, karš, visu, proletariāta, revolūcijas, dzīvo, vācijas, darbaļaudis, oktobra"
revl-n229-LKP_CK-6000-1939-04.txt,1,0.21566809207582607,"tautas, latvijas, spānijas, tautu, brīvības, latvju, tautai, ulmaņa, vācu, sprs, spāņu, tauta, brīvību, fašistu, baltijas"
revl-n094-SP_Riga_committee-10000-[1934-12-20..1934-12-31].txt,5,0.242170553662956,"latvijas, palīdzības, sarkanās palīdzības, darba, sarkanās, fašistu, cietumos, nāves, darba tautas, politieslodzītajiem, protesta, ziemas, tautas, politieslodzīto, latvijas sarkanās"
revl-n010-LKJS_Riga_committee-1000-[1934-02-11…].txt,0,0.1850043456831497,"strādnieku, darba, algas, strādniekiem, strādnieki, biedri, arodbiedrību, strādniekus, arodbiedrības, algu, valdība, mūsu, bezdarbnieku, cīņas, mums"
revl-n065-LKJS_CK_LKJS_Riga_committee-unk-1934-09-03.txt,4,0.2984058728081891,"jaunatnes, darba, jaunatne, jaunatnei, skolu, jaunatni, latvijas, darba jaunatnes, strādnieku, skolas, skolnieku, darba jaunatne, jaunieši, cīņas, laukos"
revl-n001-LKP_LKJS_Vidienas_org-5000-[1934-01-11…].txt,0,0.06886090014433399,"strādnieku, darba, algas, strādniekiem, strādnieki, biedri, arodbiedrību, strādniekus, arodbiedrības, algu, valdība, mūsu, bezdarbnieku, cīņas, mums"
revl-n228-LKP_LDJS_Latgale_regional_committee-2000-[1939-03-22…].txt,1,0.19504435233087272,"tautas, latvijas, spānijas, tautu, brīvības, latvju, tautai, ulmaņa, vācu, sprs, spāņu, tauta, brīvību, fašistu, baltijas"
revl-n179-LKP_Riga_committee-8000-[…1936-05-13].txt,1,0.13363126332567216,"tautas, latvijas, spānijas, tautu, brīvības, latvju, tautai, ulmaņa, vācu, sprs, spāņu, tauta, brīvību, fašistu, baltijas"
revl-n087-SP_CK_SP_Riga_committee-6000-[…1934-11-18].txt,5,0.2796871930787098,"latvijas, palīdzības, sarkanās palīdzības, darba, sarkanās, fašistu, cietumos, nāves, darba tautas, politieslodzītajiem, protesta, ziemas, tautas, politieslodzīto, latvijas sarkanās"
revl-n128-SP_CK_SP_Riga_committee-5000-[…1935-03-18].txt,5,0.27994824944041197,"latvijas, palīdzības, sarkanās palīdzības, darba, sarkanās, fašistu, cietumos, nāves, darba tautas, politieslodzītajiem, protesta, ziemas, tautas, politieslodzīto, latvijas sarkanās"
revl-n048-LKP_CK-5000-[…1934-07-22].txt,2,0.31130270764889945,"sprs, padomju, kara, latvijas, karu, darbaļaužu, pasaules, karš, visu, proletariāta, revolūcijas, dzīvo, vācijas, darbaļaudis, oktobra"
revl-n134-LKJS_Daugavpils_committee-500-[…1935-04-15].txt,0,0.13091125426341435,"strādnieku, darba, algas, strādniekiem, strādnieki, biedri, arodbiedrību, strādniekus, arodbiedrības, algu, valdība, mūsu, bezdarbnieku, cīņas, mums"
revl-n170-LKP_Daugavpils_city_committee-1000-1936-03.txt,0,0.22985685182314658,"strādnieku, darba, algas, strādniekiem, strādnieki, biedri, arodbiedrību, strādniekus, arodbiedrības, algu, valdība, mūsu, bezdarbnieku, cīņas, mums"
revl-n040-LKP_Riga_committee-unk-[…1934-06-08].txt,0,0.15861919119620685,"strādnieku, darba, algas, strādniekiem, strādnieki, biedri, arodbiedrību, strādniekus, arodbiedrības, algu, valdība, mūsu, bezdarbnieku, cīņas, mums"
revl-n144-LKJS_CK_LSJS_CK-3000-1935-06.txt,4,0.18046217276078702,"jaunatnes, darba, jaunatne, jaunatnei, skolu, jaunatni, latvijas, darba jaunatnes, strādnieku, skolas, skolnieku, darba jaunatne, jaunieši, cīņas, laukos"
revl-n182-LKP_Riga_committee-6000-[…1936-06-16].txt,5,0.29862404973107376,"latvijas, palīdzības, sarkanās palīdzības, darba, sarkanās, fašistu, cietumos, nāves, darba tautas, politieslodzītajiem, protesta, ziemas, tautas, politieslodzīto, latvijas sarkanās"
revl-n066-LKP_CK-10000-1934-09-21.txt,2,0.2690326570021553,"sprs, padomju, kara, latvijas, karu, darbaļaužu, pasaules, karš, visu, proletariāta, revolūcijas, dzīvo, vācijas, darbaļaudis, oktobra"
revl-n033-LKP_CK_Womens_center-3000-[…1934-05-13].txt,3,0.5857532353438814,"sievietes, darba sievietes, mātes, sieviešu, darba, sievietes mātes, bērnu, daudz, sievietēm, ģimenes, sieviete, buržuju, vienādu, biedru vīrieti, vīrieti"
revl-n068-LKP_Riga_committee_Shoemakers_faction-600-1934-09-30.txt,0,0.15262742609613847,"strādnieku, darba, algas, strādniekiem, strādnieki, biedri, arodbiedrību, strādniekus, arodbiedrības, algu, valdība, mūsu, bezdarbnieku, cīņas, mums"
revl-n208b-LDJS-1000-1937-10.txt,2,0.1933043342839447,"sprs, padomju, kara, latvijas, karu, darbaļaužu, pasaules, karš, visu, proletariāta, revolūcijas, dzīvo, vācijas, darbaļaudis, oktobra"
revl-n163-LKP_CK_LKJS_CK_LSSZP_CK_LSJS_CK-3500-1935-10.txt,2,0.11426554683218788,"sprs, padomju, kara, latvijas, karu, darbaļaužu, pasaules, karš, visu, proletariāta, revolūcijas, dzīvo, vācijas, darbaļaudis, oktobra"
revl-n148-LKP_Riga_org_Kirov_district_committee-800-[…1935-07-28].txt,0,0.2047245530223106,"strādnieku, darba, algas, strādniekiem, strādnieki, biedri, arodbiedrību, strādniekus, arodbiedrības, algu, valdība, mūsu, bezdarbnieku, cīņas, mums"
revl-n113-SP_CK_SP_Riga_committee-unk-[…1935-02-09].txt,5,0.36844024735796643,"latvijas, palīdzības, sarkanās palīdzības, darba, sarkanās, fašistu, cietumos, nāves, darba tautas, politieslodzītajiem, protesta, ziemas, tautas, politieslodzīto, latvijas sarkanās"
revl-n044-LKP_CK-1000-[…1934-07-17].txt,0,0.18369317156349488,"strādnieku, darba, algas, strādniekiem, strādnieki, biedri, arodbiedrību, strādniekus, arodbiedrības, algu, valdība, mūsu, bezdarbnieku, cīņas, mums"
